id,email,language,phone number
461,ggotfreycs@deliciousdays.com,Tswana,459-810-4577
500,mrivalantdv@facebook.com,Danish,459-731-5489
450,sbreartych@arstechnica.com,Oriya,459-430-4321
748,clinleykr@constantcontact.com,Swedish,459-123-9916
54,dbrangan1h@scribd.com,English,709-485-9606
76,nmaggs23@over-blog.com,English,598-571-5441
170,drickford4p@shareasale.com,English,139-491-1371
395,bputtnamay@bing.com,English,445-385-0082
475,fpeddeld6@bing.com,English,140-593-6010
187,cdowers56@ask.com,German,219-492-9723
304,klindenfeld8f@sogou.com,German,552-684-8022
84,dthomke2b@sourceforge.net,Spanish,809-110-6498
131,dsayburn3m@nature.com,Spanish,913-952-2352
190,bdemcik59@google.it,Spanish,197-650-5037
798,bclinkm5@tinypic.com,Portuguese,804-340-5120
949,cpattingtonqc@hp.com,Portuguese,502-536-2995
358,cwoltman9x@arstechnica.com,Punjabi,496-989-4540
930,kjuarespt@google.cn,Quechua,734-398-5304
955,jpedlowqi@google.pl,Quechua,409-157-3291
191,spalombi5a@yellowpages.com,Quechua,550-309-8450
202,oguilford5l@hexun.com,Quechua,666-839-6733
240,dmerck6n@wordpress.org,Romanian,388-215-6701
260,ntedridge77@chicagotribune.com,Romanian,570-777-9047
117,mmeuse38@europa.eu,Swedish,704-853-0335
183,efannon52@google.ca,Swedish,171-241-7404
441,pjovicicc8@twitpic.com,Swedish,210-160-3303